<web-app xmlns="http://caucho.com/ns/resin">
  <!--
     - Configuration for the ejb-server.
    -->
  <ejb-server data-source="jdbc/resin" create-database-schema="true">
  </ejb-server>

  <!--
     - configuration for the servlet.
    -->
  <servlet servlet-name="session" servlet-class="example.SessionServlet">
  </servlet>

  <servlet-mapping url-pattern="/session" servlet-name="session"/>

  <!--
     - persistent session configuration
    -->
  <session-config>
    <session-timeout>${24 * 60}</session-timeout>

    <!--
       - <use-persistent-store/>
      -->
  </session-config>
</web-app>
