<resin xmlns="http://caucho.com/ns/resin"
       xmlns:resin="urn:java:com.caucho.resin">

  <!--
     - driver .jar files can be placed in ${resin.root}/resin.d/lib
     -->
  <class-loader>
    <tree-loader path="${resin.root}/ext-lib"/>
    <tree-loader path="${resin.root}/resin-inf"/>
    <tree-loader path="cloud:/resin-inf"/>
  </class-loader>

  <!-- Java system-properties -->
  <system-property mail.smtp.host="${smtp_host?:'127.0.0.1'}"/>
  <system-property mail.smtp.port="${smtp_port?:25}"/>
  <system-property mail.smtp.from="${smtp_from}"/>

  <!--
     - default configuration applied to all clusters
    -->
  <cluster-default>
    <!-- shared webapp jars for non-classloader-aware libraries -->
    <web-app-default>
      <class-loader>
        <library-loader path="${resin.home}/webapp-jars"/>
        <library-loader path="${resin.root}/webapp.d/lib"/>
        <library-loader path="config:/webapp.d/lib"/>
      </class-loader>
    </web-app-default>

    <!-- shared jars and drivers for the app-tier -->
    <class-loader>
      <tree-loader path="${resin.root}/${cluster.id}-inf"/>
      <tree-loader path="cloud:/{cluster.id}-inf"/>
    </class-loader>

    <!-- include resources config files in resources/ -->
    <resin:import fileset="${__DIR__}/${cluster.id}-inf/**/*.xml"/>
    <resin:import fileset="cloud:/${cluster.id}-inf/**/*.xml"
                  recover="true"/>

    <!-- standard servlet behavior, including .jsp, .php, and WEB-INF -->
    <resin:import path="classpath:META-INF/caucho/app-default.xml"/>

    <!-- enables development error pages -->
    <resin:if test="${dev_mode}">
      <development-mode-error-page/>
    </resin:if>

    <!--
       - Enables the proxy cache (available in Resin Professional) 
      -->
    <proxy-cache memory-size="${proxy_cache_size}">
     <!-- Vary header rewriting for IE -->
      <rewrite-vary-as-private/>
    </proxy-cache>
    
    <!--
       - Admin services
      -->

    <resin:if test="${remote_cli_enable}">
      <resin:RemoteAdminService/>
    </resin:if>
    
    <resin:AdminServices/>

    <!-- defaults for each server, i.e. JVM -->
    <server-default>
      <jvm-arg-line>${jvm_args}</jvm-arg-line>

      <!--
         - If starting Resin as root on Unix, specify the user name
         - and group name for the web server user.
       -->
      <user-name>${setuid_user}</user-name>
      <group-name>${setuid_group}</group-name>

      <port-default>
        <port-thread-max>${port_thread_max}</port-thread-max>
        <accept-thread-min>${accept_thread_min}</accept-thread-min>
        <accept-thread-max>${accept_thread_max}</accept-thread-max>

        <tcp-cork>${tcp_cork}</tcp-cork>
      </port-default>

      <sendfile-enable>${sendfile}</sendfile-enable>

      <!-- The http port -->
      <http address="*" port="${http}"/>

      <!-- SSL port configuration: -->
      <resin:choose>
      <resin:when test="${openssl_file != null}">
        <http port="${https}">
          <openssl>
            <certificate-file>${openssl_file}</certificate-file>
            <certificate-key-file>${openssl_key}</certificate-key-file>
            <password>
              <resin:Password>${openssl_password}</resin:Password>
            </password>
          </openssl>
        </http>
      </resin:when>
      <resin:when test="${jsse_keystore_file != null}">
        <http address="*" port="${https}">
          <jsse-ssl>
            <key-store-type>${jsse_keystore_type?:'jks'}</key-store-type>
            <key-store-file>${jsse_keystore_file}</key-store-file>
            <password>
              <resin:Password>${jsse_keystore_password}</resin:Password>
            </password>
          </jsse-ssl>
        </http>
      </resin:when>
      <resin:when test="${class_exists('sun.security.x509.CertAndKeyGen')}">
        <http address="*" port="${https}">
          <jsse-ssl self-signed-certificate-name="resin@localhost"/>
        </http>
      </resin:when>
      </resin:choose>
    </server-default>

    <!--
       - Default host configuration applied to all virtual hosts.
      -->
    <host-default>
      <access-log path="log/access.log" 
                 format='%h %l %u %t "%r" %s %b "%{Referer}i" "%{User-Agent}i"'
                 rollover-period="1W"/>

      <!--
         - Defaults applied to each web-app.
        -->
      <web-app-default>
        <prologue>
          <allow-servlet-el/>
        </prologue>
     
        <!--
           - Sets max-age for cacheable pages, e.g. static pages.
          -->
        <cache-mapping url-pattern="/" max-age="5s"/>
        <cache-mapping url-pattern="*.gif" max-age="60s"/>
        <cache-mapping url-pattern="*.jpg" max-age="60s"/>
        <cache-mapping url-pattern="*.png" max-age="60s"/>
        <cache-mapping url-pattern="*.css" max-age="60s"/>
        <cache-mapping url-pattern="*.js" max-age="60s"/>

        <session-config>
          <use-persistent-store>${session_store}</use-persistent-store>
          
          <enable-url-rewriting>false</enable-url-rewriting>
        </session-config>
      </web-app-default>
      
      <!--
         - Administration application /resin-admin
        -->
      <resin:if test="${web_admin_enable}">
        <web-app id="/resin-admin" root-directory="${resin.root}/doc/admin">
          <prologue>
            <!-- only allow access from internal IP (10.*,192.168.*,127.*) -->
            <resin:set var="resin_admin_external"
                       value="${web_admin_external}"/>
            <resin:set var="resin_admin_insecure"
                       value="${! web_admin_ssl}"/>
          </prologue>
        </web-app>
      </resin:if>

      <resin:if test="${rest_admin_enable}">
        <web-app id="/resin-rest"
                 root-directory="${resin.root}/doc/resin-rest">

          <resin:BasicLogin realm-name="resin"/>

          <resin:Allow url-pattern="/*">
            <resin:IfUserInRole role="resin-admin"/>
          </resin:Allow>

          <servlet-mapping url-pattern="/*"
                           servlet-class="com.caucho.admin.servlet.AdminRestServlet">
            <init>
              <require-secure>${rest_admin_secure}</require-secure>
            </init>
          </servlet-mapping>
        </web-app>
      </resin:if>

    </host-default>
  </cluster-default>
</resin>

